{
  "config": {
    "name": "YD-ETH-MAR21",
    "empAddress": "0xE4256C47a3b27a969F25de8BEf44eCA5F2552bD5",
    "rewardFactor": 0.3,
    "defaultAddress": "0xa0dfF1F09a0DCEda7641b7eB07c3BDbe66a06C35",
    "whitelistTable": [
      ["UMA (default)", "0xa0dfF1F09a0DCEda7641b7eB07c3BDbe66a06C35"],
      ["OpenDAO", "0x9a9dcd6b52B45a78CD13b395723c245dAbFbAb71"],
      ["MakeShift Finance", "0x45Ea614a7Ea47Ec393BDA310F901702DB1347df9"]
    ],
    "empRewards": "17809.92065430851969227",
    "weekNumber": 6,
    "endDate": "02/22/2021 11:00 PM",
    "startDate": "02/15/2021 11:00 PM",
    "startTime": 1613430000000,
    "endTime": 1614034800000,
    "totalRewards": 5342,
    "whitelist": [
      "0xa0dfF1F09a0DCEda7641b7eB07c3BDbe66a06C35",
      "0x9a9dcd6b52B45a78CD13b395723c245dAbFbAb71",
      "0x45Ea614a7Ea47Ec393BDA310F901702DB1347df9"
    ]
  },
  "startBlock": {
    "timestamp": 1613430011000,
    "number": 11864169
  },
  "endBlock": {
    "timestamp": 1614034792000,
    "number": 11909708
  },
  "rewards": {
    "0xa0dfF1F09a0DCEda7641b7eB07c3BDbe66a06C35": "5138.361885808333399916",
    "0x9a9dcd6b52B45a78CD13b395723c245dAbFbAb71": "203.638114191666594742"
  }
}
