{
  "config": {
    "name": "YD-ETH-JUN21",
    "empAddress": "0x0f4e2a456aAfc0068a0718E3107B88d2e8f2bfEF",
    "rewardFactor": 0.3,
    "defaultAddress": "0xa0dfF1F09a0DCEda7641b7eB07c3BDbe66a06C35",
    "whitelistTable": [
      ["UMA (default)", "0xa0dfF1F09a0DCEda7641b7eB07c3BDbe66a06C35"],
      ["OpenDAO", "0x9a9dcd6b52B45a78CD13b395723c245dAbFbAb71"],
      ["MakeShift Finance", "0x45Ea614a7Ea47Ec393BDA310F901702DB1347df9"],
      ["ChickFlock", "0xDAa953f01048253A201BA9B0bd0786575f9C2468"]
    ],
    "empRewards": "2420.627914622850645558",
    "weekNumber": 11,
    "endDate": "03/29/2021 11:00 PM",
    "startDate": "03/22/2021 11:00 PM",
    "startTime": 1616454000000,
    "endTime": 1617058800000,
    "totalRewards": 726,
    "whitelist": [
      "0xa0dfF1F09a0DCEda7641b7eB07c3BDbe66a06C35",
      "0x9a9dcd6b52B45a78CD13b395723c245dAbFbAb71",
      "0x45Ea614a7Ea47Ec393BDA310F901702DB1347df9",
      "0xDAa953f01048253A201BA9B0bd0786575f9C2468"
    ]
  },
  "startBlock": {
    "timestamp": 1616454002000,
    "number": 12091493
  },
  "endBlock": {
    "timestamp": 1617058793000,
    "number": 12136988
  },
  "rewards": {
    "0xa0dfF1F09a0DCEda7641b7eB07c3BDbe66a06C35": "571.75315248547545786",
    "0xDAa953f01048253A201BA9B0bd0786575f9C2468": "154.246847514524541414"
  }
}
