{
  "config": {
    "name": "YD-ETH-JUN21",
    "empAddress": "0x0f4e2a456aAfc0068a0718E3107B88d2e8f2bfEF",
    "rewardFactor": 0.3,
    "defaultAddress": "0xa0dfF1F09a0DCEda7641b7eB07c3BDbe66a06C35",
    "whitelistTable": [
      ["UMA (default)", "0xa0dfF1F09a0DCEda7641b7eB07c3BDbe66a06C35"],
      ["OpenDAO", "0x9a9dcd6b52B45a78CD13b395723c245dAbFbAb71"],
      ["MakeShift Finance", "0x45Ea614a7Ea47Ec393BDA310F901702DB1347df9"],
      ["ChickFlock", "0xDAa953f01048253A201BA9B0bd0786575f9C2468"]
    ],
    "empRewards": "10891.884429811309161646",
    "weekNumber": 13,
    "endDate": "04/12/2021 11:00 PM",
    "startDate": "04/05/2021 11:00 PM",
    "startTime": 1617663600000,
    "endTime": 1618268400000,
    "totalRewards": 3267,
    "whitelist": [
      "0xa0dfF1F09a0DCEda7641b7eB07c3BDbe66a06C35",
      "0x9a9dcd6b52B45a78CD13b395723c245dAbFbAb71",
      "0x45Ea614a7Ea47Ec393BDA310F901702DB1347df9",
      "0xDAa953f01048253A201BA9B0bd0786575f9C2468"
    ]
  },
  "startBlock": {
    "timestamp": 1617663602000,
    "number": 12182533
  },
  "endBlock": {
    "timestamp": 1618268391000,
    "number": 12228111
  },
  "rewards": {
    "0xa0dfF1F09a0DCEda7641b7eB07c3BDbe66a06C35": "2196.67439907211976658",
    "0xDAa953f01048253A201BA9B0bd0786575f9C2468": "1026.901762985550578247"
  }
}
