{
  "config": {
    "name": "YD-BTC-JUN21",
    "empAddress": "0xd9af2d7E4cF86aAfBCf688a47Bd6b95Da9F7c838",
    "rewardFactor": 0.3,
    "defaultAddress": "0xa0dfF1F09a0DCEda7641b7eB07c3BDbe66a06C35",
    "whitelistTable": [
      ["UMA (default)", "0xa0dfF1F09a0DCEda7641b7eB07c3BDbe66a06C35"],
      ["OpenDAO", "0x9a9dcd6b52B45a78CD13b395723c245dAbFbAb71"],
      ["MakeShift Finance", "0x45Ea614a7Ea47Ec393BDA310F901702DB1347df9"],
      ["ChickFlock", "0xDAa953f01048253A201BA9B0bd0786575f9C2468"]
    ],
    "empRewards": "5406.981699304750995364",
    "weekNumber": 12,
    "endDate": "04/05/2021 11:00 PM",
    "startDate": "03/29/2021 11:00 PM",
    "startTime": 1617058800000,
    "endTime": 1617663600000,
    "totalRewards": 1622,
    "whitelist": [
      "0xa0dfF1F09a0DCEda7641b7eB07c3BDbe66a06C35",
      "0x9a9dcd6b52B45a78CD13b395723c245dAbFbAb71",
      "0x45Ea614a7Ea47Ec393BDA310F901702DB1347df9",
      "0xDAa953f01048253A201BA9B0bd0786575f9C2468"
    ]
  },
  "startBlock": {
    "timestamp": 1617058812000,
    "number": 12136989
  },
  "endBlock": {
    "timestamp": 1617663589000,
    "number": 12182532
  },
  "rewards": {
    "0xa0dfF1F09a0DCEda7641b7eB07c3BDbe66a06C35": "1471.725422561605822506",
    "0xDAa953f01048253A201BA9B0bd0786575f9C2468": "150.274577438394175872"
  }
}
