{
  "config": {
    "name": "YD-ETH-MAR21",
    "weekNumber": 4,
    "empAddress": "0xE4256C47a3b27a969F25de8BEf44eCA5F2552bD5",
    "totalRewards": 4422,
    "defaultAddress": "0xa0dfF1F09a0DCEda7641b7eB07c3BDbe66a06C35",
    "whitelist": ["0x9a9dcd6b52B45a78CD13b395723c245dAbFbAb71", "0x45Ea614a7Ea47Ec393BDA310F901702DB1347df9"],
    "startTime": 1612220400000,
    "endTime": 1612825200000
  },
  "startBlock": {
    "timestamp": 1612220405000,
    "number": 11773174
  },
  "endBlock": {
    "timestamp": 1612825187000,
    "number": 11818644
  },
  "rewards": {
    "0x9a9dcd6b52B45a78CD13b395723c245dAbFbAb71": "70.464171160996067796",
    "0xa0dfF1F09a0DCEda7641b7eB07c3BDbe66a06C35": "4351.535828839003927782"
  }
}
