[
  {
    "contractName": "Migrations",
    "address": "0xB851449bC030F08E0f1Aa57A0a7cAEFE73030De0"
  },
  {
    "contractName": "Finder",
    "address": "0xeD0169a88d267063184b0853BaAAAe66c3c154B2"
  },
  {
    "contractName": "VotingToken",
    "address": "0x489Bf230d4Ab5c2083556E394a28276C22c3B580"
  },
  {
    "contractName": "Registry",
    "address": "0x7b1c04D2826B140779e2B97d5783AF05cf00Fbab"
  },
  {
    "contractName": "FinancialContractsAdmin",
    "address": "0xe101B874431B5dc96f6d19fC1DE16eAD922D639b"
  },
  {
    "contractName": "Store",
    "address": "0x41AF40Eb92Bec4dD8DA77103597838b3dBBD3B6f"
  },
  {
    "contractName": "Governor",
    "address": "0xca4575EE197308c9D2aBF813A5f064f44898b7a4"
  },
  {
    "contractName": "DesignatedVotingFactory",
    "address": "0xe6614f50Ea93A2497ae7a392E0BC36239845b9a4"
  },
  {
    "contractName": "TokenFactory",
    "address": "0xe7e87f89e3D15617261Fd52188Ca64803165f8Af"
  },
  {
    "contractName": "WETH9",
    "address": "0xd0A1E359811322d97991E03f863a0C30C2cF029C"
  },
  {
    "contractName": "TestnetERC20",
    "address": "0xbF7A7169562078c96f0eC1A8aFD6aE50f12e5A99"
  },
  {
    "contractName": "AddressWhitelist",
    "address": "0xf8bdAb5d675F76eD863fF9Fa35B129A6e43e71cA"
  },
  {
    "contractName": "IdentifierWhitelist",
    "address": "0xeF9c374b7976941fCAf5e501eaB531E430463fC6"
  },
  {
    "contractName": "Voting",
    "address": "0x0740C93a3D2B6088d0E345Da47c3B412b9874562"
  },
  {
    "contractName": "OptimisticOracle",
    "address": "0xB1d3A89333BBC3F5e98A991d6d4C1910802986BC"
  },
  {
    "contractName": "ExpiringMultiPartyLib",
    "address": "0x89a469720D45ed82181cd6d5558d6E87855e9E96"
  },
  {
    "contractName": "ExpiringMultiPartyCreator",
    "address": "0x9a689BfD9f3a963b20d5ba4Ed7ed0b7bE16CfCcB"
  },
  {
    "contractName": "PerpetualLib",
    "address": "0x3B18e629C56F496B0E4C156150eFAc16f2ccd1D9"
  },
  {
    "contractName": "PerpetualCreator",
    "address": "0x6b876861d2F15616a6C8ed8a3E3BAD071EAD3DDE"
  },
  {
    "contractName": "DSProxyFactory",
    "address": "0xFB8da0B386F2Ab00B04c7f01f9faC19E21ECC405"
  }
]
