{
  "BTC/USD": {},
  "USD/BTC": {},
  "ETH/USD": {},
  "CMC Total Market Cap": {},
  "S&P 500": {},
  "TSLA": {},
  "Gold (Rolling Future)": {},
  "Crude Oil (Rolling Future)": {},
  "CNY/USD": {},
  "EUR/USD": {},
  "Telegram SAFT": {},
  "USD/ETH": {},
  "Custom Index (1)": {},
  "Custom Index (100)": {},
  "ETH/BTC": {},
  "COMPUSD": {},
  "USDETH": {},
  "USDBTC": {},
  "PERL/USDT": {},
  "USDT/PERL": {},
  "CHF/USD": {},
  "GBP/USD": {},
  "XAU/USD": {},
  "SPX/USD": {},
  "XTI/USD": {},
  "XAG/USD": {},
  "STABLESPREAD": {},
  "STABLESPREAD/USDC": {},
  "STABLESPREAD/BTC": {},
  "ELASTIC_STABLESPREAD/USDC": {},
  "EURUSD": {},
  "CHFUSD": {},
  "GBPUSD": {},
  "BCHNBTC": {},
  "preTORN": {},
  "preICP": {},
  "preCLX": {},
  "DAIPHP": {}
}
